artists,songs
"carolina gaitan, mauro castillo, adassa, rhenzy feliz, diane guerrero, stephanie beatriz & encanto cast",we don't talk about bruno
nicki minaj x lil baby,do we have a problem?
adele,easy on me
glass animals,heat waves
the kid laroi & justin bieber,stay
kodak black,super gremlin
gayle,abcdefu
ed sheeran,shivers
justin bieber,ghost
jessica darrow,surface pressure
gunna & future featuring young thug,pushin p
lil nas x,thats what i want
doja cat,need to know
elton john & dua lipa,cold heart (pnau remix)
ed sheeran,bad habits
lil nas x & jack harlow,industry baby
dua lipa,levitating
the weeknd & ariana grande,save your tears
muni long,hrs and hrs
"stephanie beatriz, olga merediz & encanto cast",the family madrigal
post malone & the weeknd,one right now
silk sonic (bruno mars & anderson .paak),smokin out the window
adele,oh my god
sza,i hate u
olivia rodrigo,good 4 u
ckay,love nwantiti (ah ah ah)
drake featuring 21 savage & project pat,knife talk
latto,big energy
doja cat,woman
chris stapleton,you should probably leave
imagine dragons x jid,enemy
neiked x mae muller x polo g,better days
diane guerrero & stephanie beatriz,what else can i do?
lauren spencer-smith,fingers crossed
jordan davis featuring luke bryan,buy dirt
walker hayes,fancy like
doja cat & the weeknd,you right
morgan wallen,sand in my boots
the anxiety: willow & tyler cole,meet me at our spot
king von & 21 savage,don't play that
sebastian yatra,dos oruguitas
wizkid featuring justin bieber & tems,essence
juice wrld,cigarettes
doja cat featuring sza,kiss me more
jimmie allen & brad paisley,freedom was a highway
the weeknd,sacrifice
cody johnson,'til you can't
parker mccollum,to be loved by you
charlie puth,light switch
dustin lynch featuring lauren alaina or mackenzie porter,thinking 'bout you
kane brown,one mississippi
tate mcrae,she's all i wanna be
stephanie beatriz,waiting on a miracle
kelsea ballerini featuring kenny chesney,half of my hometown
gunna featuring drake,p power
eric church,heart on fire
"dierks bentley, breland & hardy",beers on me
sam hunt,23
walker hayes,aa
lil durk featuring morgan wallen,broadway girls
blxst & tyga featuring ty dolla $ign,chosen
luke combs,doin' this
gucci mane featuring lil durk,rumors
"nardo wick featuring g herbo, lil durk & 21 savage",who want smoke??
giveon,for tonight
ari lennox,pressure
cole swindell / lainey wilson,never say never
taylor swift,message in a bottle (taylor's version) (from the vault)
"nardo wick, lil baby & future",me or sum
acraze featuring cherish,do it to it
"stephanie beatriz, olga merediz, john leguizamo, adassa, maluma & encanto cast",all of you
moneybagg yo,scorpio
yg featuring j. cole & moneybagg yo,scared money
michael ray,whiskey and rain
the walters,i love you so
rod wave,cold december
machine gun kelly & willow,emo girl
red hot chili peppers,black summer
rod wave,by your side
fireboy dml & ed sheeran,peru
yung bleu & kehlani,beautiful lies
the chainsmokers,high
maren morris,circles around this town
taylor swift,all too well (taylor's version)
miranda lambert,if i was a cowboy
doja cat,get into it (yuh)
$not & a$ap rocky,doja
queen naija & big sean,hate our love
blake shelton,come back as a country boy
carly pearce & ashley mcbryde,never wanted to be that girl
em beihold,numb little bug
gunna & future,too easy
tiesto & ava max,the motto
russell dickerson,home sweet
ernest featuring morgan wallen,flower shops
chris brown,iffy
alesso / katy perry,when i'm gone
drake featuring travis scott,fair trade
megan thee stallion,megan's piano
swedish house mafia & the weeknd,moth to a flame
